city,"p, d, q","P, D, Q, m",aic
Norte,"(2, 1, 2)","(2, 1, 0, 15)",827.2993089223295
Centro,"(2, 1, 2)","(2, 1, 1, 15)",641.741359565496
LVT,"(2, 1, 2)","(2, 1, 1, 15)",787.1344834981434
Alentejo,"(2, 1, 0)","(2, 1, 0, 15)",488.12165372507627
Algarve,"(2, 1, 0)","(2, 1, 1, 15)",424.7007985507778
