city,test_loss,test_acc,val_acc,val_loss,layers,dropout,algorithm,learning rate,epochs,batch_size,model
Norte,0.016096001490950584,0.013513362966477871,0.012323155999183655,0.01714872568845749,"[100, 20]",0.5,adam,0.0001,500,8,RNN
Centro,0.03264276310801506,0.022664999589323997,0.015313306823372841,0.02169906720519066,"[100, 50]",0.7,adam,0.001,10000,16,LSTM
LVT,0.09912670403718948,0.07991297543048859,0.19644427299499512,0.22125114500522614,"[100, 150]",0.2,sgd_momentum,0.01,1000,16,LSTM
Algarve,0.22001604735851288,0.13919419050216675,0.05232153832912445,0.06049108877778053,"[50, 100, 50]",0.7,sgd_momentum,0.01,10000,16,RNN
Alentejo,0.30103209614753723,0.12760590016841888,0.02132837288081646,0.02605491317808628,"[100, 150]",0.7,sgd_momentum,0.001,500,8,RNN
